1200001111,1,54749,NW Globe Chasis,10,EA,29.5,295
1200001111,2,85352,NW Globe Light Kit,15,EA,19,285
1200001111,3,84352,"NW Globe 30"" Oak Stand",6,EA,30,180
1200001111,4,86355,NW Atlas Leather - Bound,20,EA,25,500
1200001111,5,86362,NW Atlas Young Readers Series,12,EA,10,120
1200001111,6,86357,NW Pen Roller Ball,40,EA,7.5,300
1200001111,7,86366,NW Pen Fountain,25,EA,16,400
1200001111,8,45677,"NW Globe Beach Balls 24""",50,EA,5,250
1200001111,9,23234,NW Promotional Calendars,100,EA,0.1,10
1200001111,10,34567,NW Promotional Balloons,100,EA,0.15,15
